{"cameraMode":{"drawMode":0,"name":"Shaded","section":"Shading Mode"},"sceneLighting":false,"audioPlay":false,"sceneViewState":{"showFog":true,"showMaterialUpdate":false,"showSkybox":false,"showFlares":true,"showImageEffects":true,"showParticleSystems":true},"in2DMode":false,"pivot":{"x":29.852005004882814,"y":78.86101531982422,"z":-14.504608154296875},"rotation":{"x":0.07348170131444931,"y":-0.8945589661598206,"z":0.16001209616661073,"w":0.4108051061630249},"size":2.8578836917877199,"orthographic":false}