{"cameraMode":{"drawMode":0,"name":"Shaded","section":"Shading Mode"},"sceneLighting":false,"audioPlay":false,"sceneViewState":{"showFog":true,"showMaterialUpdate":false,"showSkybox":true,"showFlares":true,"showImageEffects":true,"showParticleSystems":true},"in2DMode":false,"pivot":{"x":19.258596420288087,"y":-9.291939735412598,"z":37.91190719604492},"rotation":{"x":-0.00423897011205554,"y":0.9591305255889893,"z":-0.2825664281845093,"w":-0.014387756586074829},"size":98.33917236328125,"orthographic":false}